ATOM,71,N,TYR,A,1054,40.896,48.400,12.316,1.00,34.17,N
ATOM,72,CA,TYR,A,1054,41.440,49.139,13.442,1.00,33.98,C
ATOM,73,C,TYR,A,1054,41.347,50.623,13.130,1.00,33.61,C
ATOM,74,O,TYR,A,1054,41.611,51.011,12.012,1.00,33.42,O
ATOM,75,CB,TYR,A,1054,42.914,48.772,13.681,1.00,33.57,C
ATOM,76,CG,TYR,A,1054,43.119,47.312,13.929,1.00,33.96,C
ATOM,77,CD1,TYR,A,1054,43.155,46.803,15.226,1.00,35.30,C
ATOM,78,CD2,TYR,A,1054,43.246,46.423,12.875,1.00,33.29,C
ATOM,79,CE1,TYR,A,1054,43.299,45.448,15.461,1.00,34.40,C
ATOM,80,CE2,TYR,A,1054,43.398,45.081,13.098,1.00,33.54,C
ATOM,81,CZ,TYR,A,1054,43.434,44.594,14.386,1.00,33.92,C
ATOM,82,OH,TYR,A,1054,43.585,43.252,14.591,1.00,33.26,O
ATOM,1431,N,TYR,A,1229,31.489,71.444,2.636,1.00,28.68,N
ATOM,1432,CA,TYR,A,1229,31.373,72.157,1.377,1.00,28.78,C
ATOM,1433,C,TYR,A,1229,30.852,71.295,0.259,1.00,27.56,C
ATOM,1434,O,TYR,A,1229,31.073,70.083,0.239,1.00,27.05,O
ATOM,1435,CB,TYR,A,1229,32.755,72.636,0.961,1.00,30.79,C
ATOM,1436,CG,TYR,A,1229,33.428,73.418,2.022,1.00,32.90,C
ATOM,1437,CD1,TYR,A,1229,32.875,74.609,2.493,1.00,35.82,C
ATOM,1438,CD2,TYR,A,1229,34.611,72.974,2.580,1.00,35.09,C
ATOM,1439,CE1,TYR,A,1229,33.500,75.334,3.482,1.00,35.21,C
ATOM,1440,CE2,TYR,A,1229,35.260,73.699,3.553,1.00,33.84,C
ATOM,1441,CZ,TYR,A,1229,34.705,74.860,3.999,1.00,35.40,C
ATOM,1442,OH,TYR,A,1229,35.348,75.541,4.996,1.00,37.29,O
ATOM,2084,N,TYR,A,1314,54.994,65.507,-20.311,1.00,70.17,N
ATOM,2085,CA,TYR,A,1314,55.333,64.923,-18.991,1.00,70.02,C
ATOM,2086,C,TYR,A,1314,56.128,63.620,-19.146,1.00,70.13,C
ATOM,2087,O,TYR,A,1314,57.306,63.558,-18.821,1.00,70.26,O
ATOM,2088,CB,TYR,A,1314,54.011,64.632,-18.235,1.00,70.25,C
ATOM,2089,CG,TYR,A,1314,54.076,64.444,-16.719,1.00,69.93,C
ATOM,2090,CD1,TYR,A,1314,53.693,65.482,-15.857,1.00,69.54,C
ATOM,2091,CD2,TYR,A,1314,54.468,63.215,-16.150,1.00,69.49,C
ATOM,2092,CE1,TYR,A,1314,53.727,65.321,-14.458,1.00,70.19,C
ATOM,2093,CE2,TYR,A,1314,54.510,63.038,-14.749,1.00,70.05,C
ATOM,2094,CZ,TYR,A,1314,54.134,64.098,-13.907,1.00,70.49,C
ATOM,2095,OH,TYR,A,1314,54.165,63.958,-12.530,1.00,69.58,O
ATOM,4283,N,TYR,C,3054,38.108,83.656,-31.928,1.00,39.11,N
ATOM,4284,CA,TYR,C,3054,39.010,84.662,-31.396,1.00,38.87,C
ATOM,4285,C,TYR,C,3054,38.637,84.919,-29.960,1.00,38.17,C
ATOM,4286,O,TYR,C,3054,37.484,84.799,-29.601,1.00,37.88,O
ATOM,4287,CB,TYR,C,3054,38.886,85.985,-32.166,1.00,38.68,C
ATOM,4288,CG,TYR,C,3054,39.126,85.866,-33.646,1.00,39.04,C
ATOM,4289,CD1,TYR,C,3054,40.375,86.155,-34.197,1.00,40.80,C
ATOM,4290,CD2,TYR,C,3054,38.121,85.427,-34.504,1.00,38.16,C
ATOM,4291,CE1,TYR,C,3054,40.610,86.018,-35.589,1.00,39.45,C
ATOM,4292,CE2,TYR,C,3054,38.351,85.280,-35.857,1.00,38.23,C
ATOM,4293,CZ,TYR,C,3054,39.591,85.593,-36.390,1.00,38.97,C
ATOM,4294,OH,TYR,C,3054,39.815,85.449,-37.725,1.00,40.52,O
ATOM,5643,N,TYR,C,3229,29.963,79.502,-6.891,1.00,29.96,N
ATOM,5644,CA,TYR,C,3229,28.695,79.265,-6.230,1.00,30.02,C
ATOM,5645,C,TYR,C,3229,27.856,78.190,-6.884,1.00,29.04,C
ATOM,5646,O,TYR,C,3229,27.907,77.987,-8.098,1.00,28.04,O
ATOM,5647,CB,TYR,C,3229,27.862,80.540,-6.224,1.00,32.62,C
ATOM,5648,CG,TYR,C,3229,28.583,81.714,-5.660,1.00,35.34,C
ATOM,5649,CD1,TYR,C,3229,29.033,81.711,-4.336,1.00,38.42,C
ATOM,5650,CD2,TYR,C,3229,28.863,82.834,-6.459,1.00,38.40,C
ATOM,5651,CE1,TYR,C,3229,29.730,82.808,-3.813,1.00,38.60,C
ATOM,5652,CE2,TYR,C,3229,29.538,83.934,-5.952,1.00,36.80,C
ATOM,5653,CZ,TYR,C,3229,29.961,83.925,-4.632,1.00,38.69,C
ATOM,5654,OH,TYR,C,3229,30.636,85.021,-4.134,1.00,39.29,O
ATOM,6296,N,TYR,C,3314,0.337,92.850,-20.431,1.00,69.13,N
ATOM,6297,CA,TYR,C,3314,1.323,93.791,-20.993,1.00,69.75,C
ATOM,6298,C,TYR,C,3314,1.144,93.986,-22.492,1.00,71.11,C
ATOM,6299,O,TYR,C,3314,2.063,93.725,-23.275,1.00,71.76,O
ATOM,6300,CB,TYR,C,3314,2.732,93.276,-20.713,1.00,69.33,C
ATOM,6301,CG,TYR,C,3314,2.988,93.177,-19.260,1.00,68.93,C
ATOM,6302,CD1,TYR,C,3314,3.358,94.316,-18.537,1.00,68.94,C
ATOM,6303,CD2,TYR,C,3314,2.811,91.964,-18.580,1.00,68.72,C
ATOM,6304,CE1,TYR,C,3314,3.577,94.260,-17.169,1.00,69.32,C
ATOM,6305,CE2,TYR,C,3314,3.027,91.883,-17.206,1.00,69.13,C
ATOM,6306,CZ,TYR,C,3314,3.410,93.041,-16.503,1.00,69.72,C
ATOM,6307,OH,TYR,C,3314,3.635,93.002,-15.151,1.00,68.71,O
